,x,,
1,ABCA5,turquoise,713.6782272
2,ABCC1,turquoise,759.6245607
3,ABCG2,turquoise,880.3076183
4,ACADS,turquoise,786.6028998
5,ADAMDEC1,turquoise,830.6138137
6,ADH1A,turquoise,819.8475642
7,ADH1B,turquoise,833.1542455
8,ADRM1,turquoise,783.998133
9,AHCY,brown,841.7975564
10,AHCYL2,turquoise,796.0500577
11,AJUBA,turquoise,844.1735334
12,AKR1B10,turquoise,792.8046721
13,ANLN,turquoise,842.6668929
14,AQP8,turquoise,807.2999146
15,ASPA,turquoise,736.6224214
16,ATIC,turquoise,0
17,AURKA,turquoise,829.8451762
18,B3GALT6,turquoise,831.164151
19,BCAR3,turquoise,737.3925983
20,BCAS1,turquoise,698.4431003
21,BEST2,turquoise,764.4656342
22,BEST4,turquoise,753.4709975
23,BMP5,turquoise,817.2598924
24,BOP1 /// MIR7112,turquoise,808.1517827
25,BUB1,turquoise,767.3525881
26,BYSL,turquoise,869.2736945
27,CA1,turquoise,791.03707
28,CA12,turquoise,686.6769015
29,CA2,turquoise,719.9338317
30,CA4,turquoise,773.2520319
31,CA7,turquoise,822.2008473
32,CASP7,turquoise,821.3220908
33,CCDC86,turquoise,786.494205
34,CCND1,NO,0
35,CCT3 /// LOC101927137,NO,0
36,CCT4,NO,0
37,CCT6A,turquoise,837.6438575
38,CCT7,NO,0
39,CD3EAP,turquoise,835.5962615
40,CDC25B,turquoise,825.3654858
41,CDC6,turquoise,739.5285654
42,CDH3,turquoise,922.1907933
43,CDK4,turquoise,933.8086922
44,CEBPB,turquoise,773.5576989
45,CEMIP,turquoise,695.244827
46,CENPA /// SLC35F6,turquoise,806.3632537
47,CHP2,turquoise,763.6522076
48,CNNM2,turquoise,721.5417868
49,CPEB3,turquoise,773.0358144
50,CSE1L,turquoise,879.2657616
51,CTPS1,turquoise,712.9557578
52,DARS,,
53,DBF4,,
54,DIEXF,,
55,DKC1 /// MIR664B /// SNORA56,,
56,DNMT1,,
57,DUSP14,,
58,E2F6,,
59,EIF2S2,,
60,EIF3B,,
61,ENDOD1,,
62,ENTPD5,,
63,EPB41L3,,
64,ETFDH,,
65,ETV4,,
66,EXO1,,
67,FANCI,,
68,FASN,,
69,FBL,,
70,FEN1,,
71,FMO4,,
72,FOXM1,,
73,FUCA1,,
74,GARS,,
75,GCG,,
76,GTF3A,,
77,GUCA2A,,
78,GUCA2B,,
79,HADHB,,
80,HILPDA,,
81,HPGD,,
82,HSD17B2,,
83,IPO5,,
84,JADE3,,
85,KARS,,
86,KAT2B,,
87,KPNA2,,
88,LONP1,,
89,LPAR1,,
90,LPCAT1,,
91,LRP8,,
92,MAOA,,
93,MARS /// MIR6758,,
94,MCM2,,
95,MCM3,,
96,MCM7,,
97,MELK,,
98,MIR4680 /// PDCD4,,
99,MORC2,,
100,MT1F,,
101,MTHFD2,,
102,MYBL2,,
103,MYC,,
104,NCAPD3,,
105,NCL,,
106,NFE2L3,,
107,NME1,,
108,NR1H4,,
109,NR3C2,,
110,PA2G4,,
111,PAFAH1B3,,
112,PAICS,,
113,PAPSS2,,
114,PBLD,,
115,PHLPP2,,
116,PLP1,,
117,POLD2,,
118,POLR1C,,
119,POLR2D,,
120,POP7,,
121,PPAP2A,,
122,PPAT,,
123,PPM1H,,
124,PPP2R3A,,
125,PRKACB,,
126,PSMA7,,
127,PSMD14,,
128,PYCR1,,
129,PYY,,
130,RAE1,,
131,RCN1,,
132,RFC3,,
133,RNASEH2A,,
134,RPN2,,
135,RPP40,,
136,RRM2,,
137,RRS1,,
138,RUVBL1,,
139,RUVBL2,,
140,S100A11,,
141,SHMT2,,
142,SLC17A4,,
143,SLC22A5,,
144,SLC25A20,,
145,SLC25A34,,
146,SLC29A1,,
147,SLC4A4,,
148,SLC5A6,,
149,SLC7A5,,
150,SLCO2A1,,
151,SND1,,
152,SNRPA,,
153,SORD,,
154,SOX4,,
155,SPINK2,,
156,SRI,,
157,SRM,,
158,STC2,,
159,STMN2,,
160,STX12,,
161,SUCLG2,,
162,SULT1A1,,
163,SULT1A2,,
164,SULT1B1,,
165,TEAD4,,
166,TGFBI,,
167,TIMELESS,,
168,TKT,,
169,TMEM147,,
170,TMEM72,,
171,TMEM97,,
172,TOMM34,,
173,TPD52L2,,
174,TPX2,,
175,TRANK1,,
176,TRAP1,,
177,TRIP13,,
178,TSPAN7,,
179,TUBG1,,
180,UBE2C,,
181,UBE2S,,
182,UGDH,,
183,UGP2,,
184,UGT1A1 /// UGT1A10 /// UGT1A4 /// UGT1A6 /// UGT1A8 /// UGT1A9,,
185,VSTM2A,,
186,WDR7,,
187,WDR77,,
188,XPOT,,
189,ZG16,,
190,ZNF593,,
191,ZPR1,,
